0,1,2,3,4,5,6,7
5/12/2023,2:42:16,PM,ROWS,0,Column,0,SBBHG1B
5/12/2023,2:42:16,PM,ROWS,0,Column,1,SBBHG1C
5/12/2023,2:42:16,PM,ROWS,0,Column,2,SBBHG1D
5/12/2023,2:42:16,PM,ROWS,0,Column,3,SBBHG1F
5/12/2023,2:42:16,PM,ROWS,0,Column,4,SBBHG1G
5/12/2023,2:42:17,PM,ROWS,0,Column,5,SBBHG1H
5/12/2023,2:42:17,PM,ROWS,0,Column,6,SBBHG1J
5/12/2023,2:42:17,PM,ROWS,0,Column,7,SBBHG1K
5/12/2023,2:42:17,PM,ROWS,0,Column,8,SBBHG1L
5/12/2023,2:42:17,PM,ROWS,0,Column,9,SBBHG1M
5/12/2023,2:42:17,PM,ROWS,1,Column,0,SBBHG1N
5/12/2023,2:42:18,PM,ROWS,1,Column,1,SBBHG1P
5/12/2023,2:42:18,PM,ROWS,1,Column,2,SBBHG1R
5/12/2023,2:42:18,PM,ROWS,1,Column,3,SBBHG1S
5/12/2023,2:42:18,PM,ROWS,1,Column,4,SBBHG1T
5/12/2023,2:42:18,PM,ROWS,1,Column,5,SBBHG1V
5/12/2023,2:42:19,PM,ROWS,1,Column,6,SBBHG1W
5/12/2023,2:42:19,PM,ROWS,1,Column,7,SBBHG1Z
5/12/2023,2:42:19,PM,ROWS,1,Column,8,SBBHG10
5/12/2023,2:42:19,PM,ROWS,1,Column,9,SBBHG11
5/12/2023,2:42:19,PM,ROWS,2,Column,0,SBBHG12
5/12/2023,2:42:19,PM,ROWS,2,Column,1,SBBHG13
5/12/2023,2:42:20,PM,ROWS,2,Column,2,SBBHG14
5/12/2023,2:42:20,PM,ROWS,2,Column,3,SBBHG15
5/12/2023,2:42:20,PM,ROWS,2,Column,4,SBBHG16
5/12/2023,2:42:20,PM,ROWS,2,Column,5,SBBHG17
5/12/2023,2:42:20,PM,ROWS,2,Column,6,SBBHG18
5/12/2023,2:42:20,PM,ROWS,2,Column,7,SBBHG19
5/12/2023,2:42:21,PM,ROWS,2,Column,8,SBBHG2B
5/12/2023,2:42:55,PM,ROWS,3,Column,0,SBBHG2D
5/12/2023,2:42:56,PM,ROWS,3,Column,5,SBBHG2K
5/12/2023,2:42:57,PM,ROWS,4,Column,3,SBBHG2V
5/12/2023,2:42:57,PM,ROWS,4,Column,4,SBBHG2W
5/12/2023,2:42:58,PM,ROWS,4,Column,7,SBBHG21
5/12/2023,2:42:58,PM,ROWS,4,Column,8,SBBHG22
5/12/2023,2:42:58,PM,ROWS,4,Column,9,SBBHG23
5/12/2023,2:42:58,PM,ROWS,5,Column,0,SBBHG24
5/12/2023,2:42:59,PM,ROWS,5,Column,2,SBBHG26
5/12/2023,2:42:59,PM,ROWS,5,Column,3,SBBHG27
5/12/2023,2:42:59,PM,ROWS,5,Column,4,SBBHG28
5/12/2023,2:42:59,PM,ROWS,5,Column,5,SBBHG29
5/12/2023,2:43:00,PM,ROWS,5,Column,6,SBBHG3B
5/12/2023,2:43:00,PM,ROWS,5,Column,7,SBBHG3C
5/12/2023,2:43:00,PM,ROWS,5,Column,8,SBBHG3D
5/12/2023,2:43:00,PM,ROWS,5,Column,9,SBBHG3F
5/12/2023,2:43:00,PM,ROWS,6,Column,0,SBBHG3G
5/12/2023,2:43:00,PM,ROWS,6,Column,1,SBBHG3H
5/12/2023,2:43:01,PM,ROWS,6,Column,2,SBBHG3J
5/12/2023,2:43:01,PM,ROWS,6,Column,3,SBBHG3K
5/12/2023,2:43:01,PM,ROWS,6,Column,4,SBBHG3L
5/12/2023,2:43:01,PM,ROWS,6,Column,5,SBBHG3M
5/12/2023,2:43:01,PM,ROWS,6,Column,6,SBBHG3N
5/12/2023,2:43:02,PM,ROWS,6,Column,7,SBBHG3P
5/12/2023,2:43:02,PM,ROWS,6,Column,8,SBBHG3R
5/12/2023,2:43:02,PM,ROWS,6,Column,9,SBBHG3S
5/12/2023,2:43:02,PM,ROWS,7,Column,0,SBBHG3T
5/12/2023,2:43:02,PM,ROWS,7,Column,1,SBBHG3V
5/12/2023,2:43:02,PM,ROWS,7,Column,2,SBBHG3W
5/12/2023,2:43:03,PM,ROWS,7,Column,3,SBBHG3Z
5/12/2023,2:43:03,PM,ROWS,7,Column,4,SBBHG30
5/12/2023,2:43:03,PM,ROWS,7,Column,5,SBBHG31
5/12/2023,2:43:03,PM,ROWS,7,Column,6,SBBHG32
5/12/2023,2:43:03,PM,ROWS,7,Column,7,SBBHG33
5/12/2023,2:43:03,PM,ROWS,7,Column,8,SBBHG34
5/12/2023,2:43:04,PM,ROWS,7,Column,9,SBBHG35
5/12/2023,2:46:11,PM,ROWS,0,Column,0,SBBHG91
5/12/2023,2:46:11,PM,ROWS,0,Column,1,SBBHG92
5/12/2023,2:46:11,PM,ROWS,0,Column,2,SBBHG93
5/12/2023,2:46:12,PM,ROWS,0,Column,3,SBBHG94
5/12/2023,2:46:12,PM,ROWS,0,Column,4,SBBHG95
5/12/2023,2:46:12,PM,ROWS,0,Column,5,SBBHG96
5/12/2023,2:46:12,PM,ROWS,0,Column,6,SBBHG97
5/12/2023,2:46:12,PM,ROWS,0,Column,7,SBBHG98
5/12/2023,2:46:12,PM,ROWS,0,Column,8,SBBHG99
5/12/2023,2:46:13,PM,ROWS,0,Column,9,SBBHHBB
5/12/2023,2:46:13,PM,ROWS,1,Column,0,SBBHHBC
5/12/2023,2:46:32,PM,ROWS,0,Column,0,SBBHG91
5/12/2023,2:46:32,PM,ROWS,0,Column,1,SBBHG92
5/12/2023,2:46:32,PM,ROWS,0,Column,2,SBBHG93
5/12/2023,2:46:32,PM,ROWS,0,Column,3,SBBHG94
5/12/2023,2:46:32,PM,ROWS,0,Column,4,SBBHG95
5/12/2023,2:46:32,PM,ROWS,0,Column,5,SBBHG96
5/12/2023,2:46:33,PM,ROWS,0,Column,6,SBBHG97
5/12/2023,2:46:33,PM,ROWS,0,Column,7,SBBHG98
5/12/2023,2:46:33,PM,ROWS,0,Column,8,SBBHG99
5/12/2023,2:46:33,PM,ROWS,0,Column,9,SBBHHBB
5/12/2023,2:46:33,PM,ROWS,1,Column,0,SBBHHBC
5/12/2023,2:46:34,PM,ROWS,1,Column,1,SBBHHBD
5/12/2023,2:46:34,PM,ROWS,1,Column,2,SBBHHBF
5/12/2023,2:46:34,PM,ROWS,1,Column,3,SBBHHBG
5/12/2023,2:46:34,PM,ROWS,1,Column,4,SBBHHBH
5/12/2023,2:46:34,PM,ROWS,1,Column,5,SBBHHBJ
5/12/2023,2:46:35,PM,ROWS,1,Column,6,SBBHHBK
5/12/2023,2:46:35,PM,ROWS,1,Column,7,SBBHHBL
5/12/2023,2:46:35,PM,ROWS,1,Column,8,SBBHHBM
5/12/2023,2:46:35,PM,ROWS,1,Column,9,SBBHHBN
5/12/2023,2:46:35,PM,ROWS,2,Column,0,SBBHHBP
5/12/2023,2:46:36,PM,ROWS,2,Column,1,SBBHHBR
5/12/2023,2:46:36,PM,ROWS,2,Column,2,SBBHHBS
5/12/2023,2:46:36,PM,ROWS,2,Column,3,SBBHHBT
5/12/2023,2:46:36,PM,ROWS,2,Column,4,SBBHHBV
5/12/2023,2:46:36,PM,ROWS,2,Column,5,SBBHHBW
5/12/2023,2:46:37,PM,ROWS,2,Column,6,SBBHHBZ
5/12/2023,2:46:37,PM,ROWS,2,Column,7,SBBHHB0
5/12/2023,2:46:37,PM,ROWS,2,Column,8,SBBHHB1
5/12/2023,2:46:37,PM,ROWS,2,Column,9,SBBHHB2
5/12/2023,2:46:37,PM,ROWS,3,Column,0,SBBHHB3
5/12/2023,2:46:38,PM,ROWS,3,Column,1,SBBHHB4
5/12/2023,2:46:38,PM,ROWS,3,Column,2,SBBHHB5
5/12/2023,2:46:38,PM,ROWS,3,Column,3,SBBHHB6
5/12/2023,2:46:38,PM,ROWS,3,Column,4,SBBHHB7
5/12/2023,2:46:38,PM,ROWS,3,Column,5,SBBHHB8
5/12/2023,2:46:38,PM,ROWS,3,Column,6,SBBHHB9
5/12/2023,2:46:39,PM,ROWS,3,Column,7,SBBHHCB
5/12/2023,2:46:39,PM,ROWS,3,Column,8,SBBHHCC
5/12/2023,2:46:39,PM,ROWS,3,Column,9,SBBHHCD
5/12/2023,2:46:39,PM,ROWS,4,Column,0,SBBHHCF
5/12/2023,2:46:39,PM,ROWS,4,Column,1,SBBHHCG
5/12/2023,2:46:40,PM,ROWS,4,Column,2,SBBHHCH
5/12/2023,2:46:40,PM,ROWS,4,Column,3,SBBHHCJ
5/12/2023,2:46:40,PM,ROWS,4,Column,4,SBBHHCK
5/12/2023,2:46:40,PM,ROWS,4,Column,5,SBBHHCL
5/12/2023,2:46:40,PM,ROWS,4,Column,6,SBBHHCM
5/12/2023,2:46:40,PM,ROWS,4,Column,7,SBBHHCN
5/12/2023,2:46:41,PM,ROWS,4,Column,8,SBBHHCP
5/12/2023,2:46:41,PM,ROWS,4,Column,9,SBBHHCR
5/12/2023,2:46:41,PM,ROWS,5,Column,0,SBBHHCS
5/12/2023,2:46:41,PM,ROWS,5,Column,1,SBBHHCT
5/12/2023,2:46:41,PM,ROWS,5,Column,2,SBBHHCV
5/12/2023,2:46:42,PM,ROWS,5,Column,3,SBBHHCW
5/12/2023,2:46:42,PM,ROWS,5,Column,4,SBBHHCZ
5/12/2023,2:46:42,PM,ROWS,5,Column,5,SBBHHC0
5/12/2023,2:46:42,PM,ROWS,5,Column,6,SBBHHC1
5/12/2023,2:46:42,PM,ROWS,5,Column,7,SBBHHC2
5/12/2023,2:46:42,PM,ROWS,5,Column,8,SBBHHC3
5/12/2023,2:46:43,PM,ROWS,5,Column,9,SBBHHC4
5/12/2023,2:46:43,PM,ROWS,6,Column,0,SBBHHC5
5/12/2023,2:46:43,PM,ROWS,6,Column,1,SBBHHC6
5/12/2023,2:46:43,PM,ROWS,6,Column,2,SBBHHC7
5/12/2023,2:46:43,PM,ROWS,6,Column,3,SBBHHC8
5/12/2023,2:46:44,PM,ROWS,6,Column,4,SBBHHC9
5/12/2023,2:46:44,PM,ROWS,6,Column,5,SBBHHDB
5/12/2023,2:46:44,PM,ROWS,6,Column,6,SBBHHDC
5/12/2023,2:46:44,PM,ROWS,6,Column,7,SBBHHDD
5/12/2023,2:46:44,PM,ROWS,6,Column,8,SBBHHDF
5/12/2023,2:46:44,PM,ROWS,6,Column,9,SBBHHDG
5/12/2023,2:46:45,PM,ROWS,7,Column,0,SBBHHDH
5/12/2023,2:46:45,PM,ROWS,7,Column,1,SBBHHDJ
5/12/2023,2:46:45,PM,ROWS,7,Column,2,SBBHHDK
5/12/2023,2:46:45,PM,ROWS,7,Column,3,SBBHHDL
5/12/2023,2:46:45,PM,ROWS,7,Column,4,SBBHHDM
5/12/2023,2:46:46,PM,ROWS,7,Column,5,SBBHHDN
5/12/2023,2:46:46,PM,ROWS,7,Column,6,SBBHHDP
5/12/2023,2:46:46,PM,ROWS,7,Column,7,SBBHHDR
5/12/2023,2:46:46,PM,ROWS,7,Column,8,SBBHHDS
5/12/2023,2:46:46,PM,ROWS,7,Column,9,SBBHHDT
5/17/2023,3:40:45,PM,ROWS,0,Column,0,SBBHJRH
5/17/2023,3:40:45,PM,ROWS,0,Column,1,SBBHJRJ
5/17/2023,3:40:45,PM,ROWS,0,Column,2,SBBHJRK
5/17/2023,3:40:45,PM,ROWS,0,Column,3,SBBHJRL
5/17/2023,3:40:45,PM,ROWS,0,Column,4,SBBHJRM
5/17/2023,3:40:46,PM,ROWS,0,Column,5,SBBHJRN
5/17/2023,3:40:46,PM,ROWS,0,Column,6,SBBHJRP
5/17/2023,3:40:46,PM,ROWS,0,Column,7,SBBHJRR
5/17/2023,3:40:46,PM,ROWS,0,Column,8,SBBHJRS
5/17/2023,3:40:46,PM,ROWS,0,Column,9,SBBHJRT
5/17/2023,3:40:46,PM,ROWS,1,Column,0,SBBHJRV
5/17/2023,3:40:47,PM,ROWS,1,Column,1,SBBHJRW
5/17/2023,3:40:47,PM,ROWS,1,Column,2,SBBHJRZ
5/17/2023,3:40:47,PM,ROWS,1,Column,3,SBBHJR0
5/17/2023,3:40:47,PM,ROWS,1,Column,4,SBBHJR1
5/17/2023,3:40:47,PM,ROWS,1,Column,5,SBBHJR2
5/17/2023,3:40:48,PM,ROWS,1,Column,6,SBBHJR3
5/17/2023,3:40:48,PM,ROWS,1,Column,7,SBBHJR4
5/17/2023,3:40:48,PM,ROWS,1,Column,8,SBBHJR5
5/17/2023,3:40:48,PM,ROWS,1,Column,9,SBBHJR6
5/17/2023,3:40:48,PM,ROWS,2,Column,0,SBBHJR7
5/17/2023,3:40:48,PM,ROWS,2,Column,1,SBBHJR8
5/17/2023,3:40:49,PM,ROWS,2,Column,2,SBBHJR9
5/17/2023,3:40:49,PM,ROWS,2,Column,3,SBBHJSB
5/17/2023,3:40:49,PM,ROWS,2,Column,4,SBBHJSC
5/17/2023,3:40:49,PM,ROWS,2,Column,5,SBBHJSD
5/17/2023,3:40:49,PM,ROWS,2,Column,6,SBBHJSF
5/17/2023,3:41:10,PM,ROWS,0,Column,0,SBBHJVD
5/17/2023,3:41:10,PM,ROWS,0,Column,1,SBBHJVF
5/17/2023,3:41:10,PM,ROWS,0,Column,2,SBBHJVG
5/17/2023,3:41:10,PM,ROWS,0,Column,3,SBBHJVH
5/17/2023,3:41:10,PM,ROWS,0,Column,4,SBBHJVJ
5/17/2023,3:41:10,PM,ROWS,0,Column,5,SBBHJVK
5/17/2023,3:41:11,PM,ROWS,0,Column,6,SBBHJVL
5/17/2023,3:41:11,PM,ROWS,0,Column,7,SBBHJVM
5/17/2023,3:41:11,PM,ROWS,0,Column,8,SBBHJVN
5/17/2023,3:41:11,PM,ROWS,0,Column,9,SBBHJVP
5/17/2023,3:41:11,PM,ROWS,1,Column,0,SBBHJVR
5/17/2023,3:41:12,PM,ROWS,1,Column,1,SBBHJVS
5/17/2023,3:41:12,PM,ROWS,1,Column,2,SBBHJVT
5/17/2023,3:41:12,PM,ROWS,1,Column,3,SBBHJVV
5/17/2023,3:41:12,PM,ROWS,1,Column,4,SBBHJVW
5/17/2023,3:41:12,PM,ROWS,1,Column,5,SBBHJVZ
5/17/2023,3:41:12,PM,ROWS,1,Column,6,SBBHJV0
5/17/2023,3:41:13,PM,ROWS,1,Column,7,SBBHJV1
5/17/2023,3:41:13,PM,ROWS,1,Column,8,SBBHJV2
5/17/2023,3:41:13,PM,ROWS,1,Column,9,SBBHJV3
5/17/2023,3:41:13,PM,ROWS,2,Column,0,SBBHJV4
5/17/2023,3:41:13,PM,ROWS,2,Column,1,SBBHJV5
5/17/2023,3:41:22,PM,ROWS,0,Column,0,SBBHJVD
5/17/2023,3:41:22,PM,ROWS,0,Column,1,SBBHJVF
5/17/2023,3:41:23,PM,ROWS,0,Column,2,SBBHJVG
5/17/2023,3:41:23,PM,ROWS,0,Column,3,SBBHJVH
5/17/2023,3:41:23,PM,ROWS,0,Column,4,SBBHJVJ
5/17/2023,3:41:23,PM,ROWS,0,Column,5,SBBHJVK
5/17/2023,3:41:23,PM,ROWS,0,Column,6,SBBHJVL
5/17/2023,3:41:23,PM,ROWS,0,Column,7,SBBHJVM
5/17/2023,3:41:24,PM,ROWS,0,Column,8,SBBHJVN
5/17/2023,3:41:24,PM,ROWS,0,Column,9,SBBHJVP
5/17/2023,3:41:24,PM,ROWS,1,Column,0,SBBHJVR
5/17/2023,3:41:24,PM,ROWS,1,Column,1,SBBHJVS
5/17/2023,3:41:24,PM,ROWS,1,Column,2,SBBHJVT
5/17/2023,3:41:25,PM,ROWS,1,Column,3,SBBHJVV
5/17/2023,3:41:25,PM,ROWS,1,Column,4,SBBHJVW
5/17/2023,3:41:25,PM,ROWS,1,Column,5,SBBHJVZ
5/17/2023,3:41:25,PM,ROWS,1,Column,6,SBBHJV0
5/17/2023,3:41:25,PM,ROWS,1,Column,7,SBBHJV1
5/17/2023,3:41:25,PM,ROWS,1,Column,8,SBBHJV2
5/17/2023,3:41:26,PM,ROWS,1,Column,9,SBBHJV3
5/17/2023,3:41:26,PM,ROWS,2,Column,0,SBBHJV4
5/17/2023,3:41:26,PM,ROWS,2,Column,1,SBBHJV5
5/17/2023,3:41:26,PM,ROWS,2,Column,2,SBBHJV6
5/17/2023,3:41:26,PM,ROWS,2,Column,3,SBBHJV7
5/17/2023,3:41:26,PM,ROWS,2,Column,4,SBBHJV8
5/17/2023,3:41:27,PM,ROWS,2,Column,5,SBBHJV9
5/17/2023,3:41:27,PM,ROWS,2,Column,6,SBBHJWB
5/17/2023,3:41:27,PM,ROWS,2,Column,7,SBBHJWC
5/17/2023,3:41:27,PM,ROWS,2,Column,8,SBBHJWD
5/17/2023,3:41:27,PM,ROWS,2,Column,9,SBBHJWF
5/17/2023,3:41:28,PM,ROWS,3,Column,0,SBBHJWG
5/17/2023,3:41:28,PM,ROWS,3,Column,1,SBBHJWH
5/17/2023,3:41:28,PM,ROWS,3,Column,2,SBBHJWJ
5/17/2023,3:41:28,PM,ROWS,3,Column,3,SBBHJWK
5/17/2023,3:41:28,PM,ROWS,3,Column,4,SBBHJWL
5/17/2023,3:41:28,PM,ROWS,3,Column,5,SBBHJWM
5/17/2023,3:41:29,PM,ROWS,3,Column,6,SBBHJWN
5/17/2023,3:41:29,PM,ROWS,3,Column,7,SBBHJWP
5/17/2023,3:41:29,PM,ROWS,3,Column,8,SBBHJWR
5/17/2023,3:41:29,PM,ROWS,3,Column,9,SBBHJWS
5/17/2023,3:41:29,PM,ROWS,4,Column,0,SBBHJWT
5/17/2023,3:41:30,PM,ROWS,4,Column,1,SBBHJWV
5/17/2023,3:41:30,PM,ROWS,4,Column,2,SBBHJWW
5/17/2023,3:41:30,PM,ROWS,4,Column,3,SBBHJWZ
5/17/2023,3:41:30,PM,ROWS,4,Column,4,SBBHJW0
5/17/2023,3:41:30,PM,ROWS,4,Column,5,SBBHJW1
5/17/2023,3:41:30,PM,ROWS,4,Column,6,SBBHJW2
5/17/2023,3:41:31,PM,ROWS,4,Column,7,SBBHJW3
5/17/2023,3:41:31,PM,ROWS,4,Column,8,SBBHJW4
5/17/2023,3:41:31,PM,ROWS,4,Column,9,SBBHJW5
5/17/2023,3:41:31,PM,ROWS,5,Column,0,SBBHJW6
5/17/2023,3:41:31,PM,ROWS,5,Column,1,SBBHJW7
5/17/2023,3:41:32,PM,ROWS,5,Column,2,SBBHJW8
5/17/2023,3:41:32,PM,ROWS,5,Column,3,SBBHJW9
5/17/2023,3:41:32,PM,ROWS,5,Column,4,SBBHJZB
5/17/2023,3:41:32,PM,ROWS,5,Column,5,SBBHJZC
5/17/2023,3:41:32,PM,ROWS,5,Column,6,SBBHJZD
5/17/2023,3:41:32,PM,ROWS,5,Column,7,SBBHJZF
5/17/2023,3:41:33,PM,ROWS,5,Column,8,SBBHJZG
5/17/2023,3:41:33,PM,ROWS,5,Column,9,SBBHJZH
5/17/2023,3:41:33,PM,ROWS,6,Column,0,SBBHJZJ
5/17/2023,3:41:33,PM,ROWS,6,Column,1,SBBHJZK
5/17/2023,3:41:33,PM,ROWS,6,Column,2,SBBHJZL
5/17/2023,3:41:33,PM,ROWS,6,Column,3,SBBHJZM
5/17/2023,3:41:34,PM,ROWS,6,Column,4,SBBHJZN
5/17/2023,3:41:34,PM,ROWS,6,Column,5,SBBHJZP
5/17/2023,3:41:34,PM,ROWS,6,Column,6,SBBHJZR
5/17/2023,3:41:34,PM,ROWS,6,Column,7,SBBHJZS
5/17/2023,3:41:34,PM,ROWS,6,Column,8,SBBHJZT
5/17/2023,3:41:35,PM,ROWS,6,Column,9,SBBHJZV
5/17/2023,3:41:35,PM,ROWS,7,Column,0,SBBHJZW
5/17/2023,3:41:35,PM,ROWS,7,Column,1,SBBHJZZ
5/17/2023,3:41:35,PM,ROWS,7,Column,2,SBBHJZ0
5/17/2023,3:41:35,PM,ROWS,7,Column,3,SBBHJZ1
5/17/2023,3:41:35,PM,ROWS,7,Column,4,SBBHJZ2
5/17/2023,3:41:36,PM,ROWS,7,Column,5,SBBHJZ3
5/17/2023,3:41:36,PM,ROWS,7,Column,6,SBBHJZ4
5/17/2023,3:41:36,PM,ROWS,7,Column,7,SBBHJZ5
5/17/2023,3:41:36,PM,ROWS,7,Column,8,SBBHJZ6
5/17/2023,3:41:36,PM,ROWS,7,Column,9,SBBHJZ7
5/17/2023,3:42:39,PM,ROWS,0,Column,0,SBBHJ26
5/17/2023,3:42:39,PM,ROWS,0,Column,1,SBBHJ27
5/17/2023,3:42:39,PM,ROWS,0,Column,2,SBBHJ28
5/17/2023,3:42:39,PM,ROWS,0,Column,3,SBBHJ29
5/17/2023,3:42:40,PM,ROWS,0,Column,4,SBBHJ3B
5/17/2023,3:42:40,PM,ROWS,0,Column,5,SBBHJ3C
5/17/2023,3:42:40,PM,ROWS,0,Column,6,SBBHJ3D
5/17/2023,3:42:40,PM,ROWS,0,Column,7,SBBHJ3F
5/17/2023,3:42:40,PM,ROWS,0,Column,8,SBBHJ3G
5/17/2023,3:42:40,PM,ROWS,0,Column,9,SBBHJ3H
5/17/2023,3:42:41,PM,ROWS,1,Column,0,SBBHJ3J
5/17/2023,3:42:41,PM,ROWS,1,Column,1,SBBHJ3K
5/17/2023,3:42:41,PM,ROWS,1,Column,2,SBBHJ3L
5/17/2023,3:42:41,PM,ROWS,1,Column,3,SBBHJ3M
5/17/2023,3:42:41,PM,ROWS,1,Column,4,SBBHJ3N
5/17/2023,3:42:42,PM,ROWS,1,Column,5,SBBHJ3P
5/17/2023,3:42:42,PM,ROWS,1,Column,6,SBBHJ3R
5/17/2023,3:42:42,PM,ROWS,1,Column,7,SBBHJ3S
5/17/2023,3:42:42,PM,ROWS,1,Column,8,SBBHJ3T
5/17/2023,3:42:42,PM,ROWS,1,Column,9,SBBHJ3V
5/17/2023,3:42:42,PM,ROWS,2,Column,0,SBBHJ3W
5/17/2023,3:42:43,PM,ROWS,2,Column,1,SBBHJ3Z
5/17/2023,3:42:43,PM,ROWS,2,Column,2,SBBHJ30
5/17/2023,3:42:43,PM,ROWS,2,Column,3,SBBHJ31
5/17/2023,3:42:43,PM,ROWS,2,Column,4,SBBHJ32
5/17/2023,3:42:43,PM,ROWS,2,Column,5,SBBHJ33
5/17/2023,3:42:43,PM,ROWS,2,Column,6,SBBHJ34
5/17/2023,3:42:44,PM,ROWS,2,Column,7,SBBHJ35
5/17/2023,3:42:44,PM,ROWS,2,Column,8,SBBHJ36
5/17/2023,3:42:44,PM,ROWS,2,Column,9,SBBHJ37
5/17/2023,3:42:44,PM,ROWS,3,Column,0,SBBHJ38
5/17/2023,3:42:44,PM,ROWS,3,Column,1,SBBHJ39
5/17/2023,3:42:45,PM,ROWS,3,Column,2,SBBHJ4B
5/17/2023,3:42:45,PM,ROWS,3,Column,3,SBBHJ4C
5/17/2023,3:42:45,PM,ROWS,3,Column,4,SBBHJ4D
5/17/2023,3:42:45,PM,ROWS,3,Column,5,SBBHJ4F
5/17/2023,3:42:45,PM,ROWS,3,Column,6,SBBHJ4G
5/17/2023,3:42:45,PM,ROWS,3,Column,7,SBBHJ4H
5/17/2023,3:42:46,PM,ROWS,3,Column,8,SBBHJ4J
5/17/2023,3:42:46,PM,ROWS,3,Column,9,SBBHJ4K
5/17/2023,3:42:46,PM,ROWS,4,Column,0,SBBHJ4L
5/17/2023,3:42:46,PM,ROWS,4,Column,1,SBBHJ4M
5/17/2023,3:42:46,PM,ROWS,4,Column,2,SBBHJ4N
5/17/2023,3:42:46,PM,ROWS,4,Column,3,SBBHJ4P
5/17/2023,3:42:47,PM,ROWS,4,Column,4,SBBHJ4R
5/17/2023,3:42:47,PM,ROWS,4,Column,5,SBBHJ4S
5/17/2023,3:42:47,PM,ROWS,4,Column,6,SBBHJ4T
5/17/2023,3:42:47,PM,ROWS,4,Column,7,SBBHJ4V
5/17/2023,3:42:47,PM,ROWS,4,Column,8,SBBHJ4W
5/17/2023,3:42:47,PM,ROWS,4,Column,9,SBBHJ4Z
5/17/2023,3:42:48,PM,ROWS,5,Column,0,SBBHJ40
5/17/2023,3:42:48,PM,ROWS,5,Column,1,SBBHJ41
5/17/2023,3:42:48,PM,ROWS,5,Column,2,SBBHJ42
5/17/2023,3:42:48,PM,ROWS,5,Column,3,SBBHJ43
5/17/2023,3:42:48,PM,ROWS,5,Column,4,SBBHJ44
5/17/2023,3:42:49,PM,ROWS,5,Column,5,SBBHJ45
5/17/2023,3:42:49,PM,ROWS,5,Column,6,SBBHJ46
5/17/2023,3:42:49,PM,ROWS,5,Column,7,SBBHJ47
5/17/2023,3:42:49,PM,ROWS,5,Column,8,SBBHJ48
5/17/2023,3:42:49,PM,ROWS,5,Column,9,SBBHJ49
5/17/2023,3:42:49,PM,ROWS,6,Column,0,SBBHJ5B
5/17/2023,3:42:50,PM,ROWS,6,Column,1,SBBHJ5C
5/17/2023,3:42:50,PM,ROWS,6,Column,2,SBBHJ5D
5/17/2023,3:42:50,PM,ROWS,6,Column,3,SBBHJ5F
5/17/2023,3:42:50,PM,ROWS,6,Column,4,SBBHJ5G
5/17/2023,3:42:50,PM,ROWS,6,Column,5,SBBHJ5H
5/17/2023,3:42:50,PM,ROWS,6,Column,6,SBBHJ5J
5/17/2023,3:42:51,PM,ROWS,6,Column,7,SBBHJ5K
5/17/2023,3:42:51,PM,ROWS,6,Column,8,SBBHJ5L
5/17/2023,3:42:51,PM,ROWS,6,Column,9,SBBHJ5M
5/17/2023,3:42:51,PM,ROWS,7,Column,0,SBBHJ5N
5/17/2023,3:42:51,PM,ROWS,7,Column,1,SBBHJ5P
5/17/2023,3:42:52,PM,ROWS,7,Column,2,SBBHJ5R
5/17/2023,3:42:52,PM,ROWS,7,Column,3,SBBHJ5S
5/17/2023,3:42:52,PM,ROWS,7,Column,4,SBBHJ5T
5/17/2023,3:42:52,PM,ROWS,7,Column,5,SBBHJ5V
5/17/2023,3:42:52,PM,ROWS,7,Column,6,SBBHJ5W
5/17/2023,3:42:52,PM,ROWS,7,Column,7,SBBHJ5Z
5/17/2023,3:42:53,PM,ROWS,7,Column,8,SBBHJ50
5/17/2023,3:42:53,PM,ROWS,7,Column,9,SBBHJ51
5/17/2023,3:46:10,PM,ROWS,0,Column,1,SBBHJ81
5/17/2023,3:46:10,PM,ROWS,0,Column,2,SBBHJ82
5/17/2023,3:46:11,PM,ROWS,0,Column,3,SBBHJ83
5/17/2023,3:46:11,PM,ROWS,0,Column,4,SBBHJ84
5/17/2023,3:46:11,PM,ROWS,0,Column,5,SBBHJ85
5/17/2023,3:46:11,PM,ROWS,0,Column,6,SBBHJ86
5/17/2023,3:46:11,PM,ROWS,0,Column,7,SBBHJ87
5/17/2023,3:46:11,PM,ROWS,0,Column,8,SBBHJ88
5/17/2023,3:46:12,PM,ROWS,0,Column,9,SBBHJ89
5/17/2023,3:46:12,PM,ROWS,1,Column,0,SBBHJ9B
5/17/2023,3:46:12,PM,ROWS,1,Column,1,SBBHJ9C
5/17/2023,3:46:12,PM,ROWS,1,Column,2,SBBHJ9D
5/17/2023,3:46:12,PM,ROWS,1,Column,3,SBBHJ9F
5/17/2023,3:46:13,PM,ROWS,1,Column,4,SBBHJ9G
5/17/2023,3:46:13,PM,ROWS,1,Column,5,SBBHJ9H
5/17/2023,3:46:13,PM,ROWS,1,Column,6,SBBHJ9J
5/17/2023,3:46:13,PM,ROWS,1,Column,7,SBBHJ9K
5/17/2023,3:46:13,PM,ROWS,1,Column,8,SBBHJ9L
5/17/2023,3:46:14,PM,ROWS,1,Column,9,SBBHJ9M
5/17/2023,3:46:14,PM,ROWS,2,Column,0,SBBHJ9N
5/17/2023,3:46:14,PM,ROWS,2,Column,1,SBBHJ9P
5/17/2023,3:46:14,PM,ROWS,2,Column,2,SBBHJ9R
5/17/2023,3:46:14,PM,ROWS,2,Column,3,SBBHJ9S
5/17/2023,3:46:14,PM,ROWS,2,Column,4,SBBHJ9T
5/17/2023,3:46:15,PM,ROWS,2,Column,5,SBBHJ9V
5/17/2023,3:46:15,PM,ROWS,2,Column,6,SBBHJ9W
5/17/2023,3:46:15,PM,ROWS,2,Column,7,SBBHJ9Z
5/17/2023,3:46:15,PM,ROWS,2,Column,8,SBBHJ90
5/17/2023,3:46:15,PM,ROWS,2,Column,9,SBBHJ91
5/17/2023,3:46:15,PM,ROWS,3,Column,0,SBBHJ92
5/17/2023,3:46:16,PM,ROWS,3,Column,1,SBBHJ93
5/17/2023,3:46:16,PM,ROWS,3,Column,2,SBBHJ94
5/17/2023,3:46:16,PM,ROWS,3,Column,3,SBBHJ95
5/17/2023,3:46:16,PM,ROWS,3,Column,4,SBBHJ96
5/17/2023,3:46:16,PM,ROWS,3,Column,5,SBBHJ97
5/17/2023,3:46:17,PM,ROWS,3,Column,6,SBBHJ98
5/17/2023,3:46:17,PM,ROWS,3,Column,7,SBBHJ99
5/17/2023,3:46:17,PM,ROWS,3,Column,8,SBBHKBB
5/17/2023,3:46:17,PM,ROWS,3,Column,9,SBBHKBC
5/17/2023,3:46:17,PM,ROWS,4,Column,0,SBBHKBD
5/17/2023,3:46:18,PM,ROWS,4,Column,1,SBBHKBF
5/17/2023,3:46:18,PM,ROWS,4,Column,2,SBBHKBG
5/17/2023,3:46:18,PM,ROWS,4,Column,3,SBBHKBH
5/17/2023,3:46:18,PM,ROWS,4,Column,4,SBBHKBJ
5/17/2023,3:46:18,PM,ROWS,4,Column,5,SBBHKBK
5/17/2023,3:46:18,PM,ROWS,4,Column,6,SBBHKBL
5/17/2023,3:46:19,PM,ROWS,4,Column,7,SBBHKBM
5/17/2023,3:46:19,PM,ROWS,4,Column,8,SBBHKBN
5/17/2023,3:46:19,PM,ROWS,4,Column,9,SBBHKBP
5/17/2023,3:46:19,PM,ROWS,5,Column,0,SBBHKBR
5/17/2023,3:46:20,PM,ROWS,5,Column,1,SBBHKBS
5/17/2023,3:46:20,PM,ROWS,5,Column,2,SBBHKBT
5/17/2023,3:46:20,PM,ROWS,5,Column,3,SBBHKBV
5/17/2023,3:46:20,PM,ROWS,5,Column,4,SBBHKBW
5/17/2023,3:46:20,PM,ROWS,5,Column,5,SBBHKBZ
5/17/2023,3:46:20,PM,ROWS,5,Column,6,SBBHKB0
5/17/2023,3:46:21,PM,ROWS,5,Column,7,SBBHKB1
5/17/2023,3:46:21,PM,ROWS,5,Column,8,SBBHKB2
5/17/2023,3:46:21,PM,ROWS,5,Column,9,SBBHKB3
5/17/2023,3:46:21,PM,ROWS,6,Column,0,SBBHKB4
5/17/2023,3:46:21,PM,ROWS,6,Column,1,SBBHKB5
5/17/2023,3:46:22,PM,ROWS,6,Column,2,SBBHKB6
5/17/2023,3:46:22,PM,ROWS,6,Column,3,SBBHKB7
5/17/2023,3:46:22,PM,ROWS,6,Column,4,SBBHKB8
5/17/2023,3:46:22,PM,ROWS,6,Column,5,SBBHKB9
5/17/2023,3:46:22,PM,ROWS,6,Column,6,SBBHKCB
5/17/2023,3:46:23,PM,ROWS,6,Column,7,SBBHKCC
5/17/2023,3:46:23,PM,ROWS,6,Column,8,SBBHKCD
5/17/2023,3:46:23,PM,ROWS,6,Column,9,SBBHKCF
5/17/2023,3:46:23,PM,ROWS,7,Column,0,SBBHKCG
5/17/2023,3:46:23,PM,ROWS,7,Column,1,SBBHKCH
5/17/2023,3:46:23,PM,ROWS,7,Column,2,SBBHKCJ
5/17/2023,3:46:24,PM,ROWS,7,Column,3,SBBHKCK
5/17/2023,3:46:24,PM,ROWS,7,Column,4,SBBHKCL
5/17/2023,3:46:24,PM,ROWS,7,Column,5,SBBHKCM
5/17/2023,3:46:24,PM,ROWS,7,Column,6,SBBHKCN
5/17/2023,3:46:24,PM,ROWS,7,Column,7,SBBHKCP
5/17/2023,3:46:25,PM,ROWS,7,Column,8,SBBHKCR
5/17/2023,3:46:25,PM,ROWS,7,Column,9,SBBHKCS
5/17/2023,3:46:46,PM,ROWS,0,Column,0,SBBHKCV
5/17/2023,3:46:47,PM,ROWS,0,Column,1,SBBHKCW
5/17/2023,3:46:47,PM,ROWS,0,Column,2,SBBHKCZ
5/17/2023,3:46:47,PM,ROWS,0,Column,3,SBBHKC0
5/17/2023,3:46:47,PM,ROWS,0,Column,4,SBBHKC1
5/17/2023,3:46:47,PM,ROWS,0,Column,5,SBBHKC2
5/17/2023,3:46:47,PM,ROWS,0,Column,6,SBBHKC3
5/17/2023,3:46:48,PM,ROWS,0,Column,7,SBBHKC4
5/17/2023,3:46:48,PM,ROWS,0,Column,8,SBBHKC5
5/17/2023,3:46:48,PM,ROWS,0,Column,9,SBBHKC6
5/17/2023,3:46:48,PM,ROWS,1,Column,0,SBBHKC7
5/17/2023,3:46:48,PM,ROWS,1,Column,1,SBBHKC8
5/17/2023,3:46:49,PM,ROWS,1,Column,2,SBBHKC9
5/17/2023,3:46:49,PM,ROWS,1,Column,3,SBBHKDB
5/17/2023,3:46:49,PM,ROWS,1,Column,4,SBBHKDC
5/17/2023,3:46:49,PM,ROWS,1,Column,5,SBBHKDD
5/17/2023,3:46:49,PM,ROWS,1,Column,6,SBBHKDF
5/17/2023,3:46:50,PM,ROWS,1,Column,7,SBBHKDG
5/17/2023,3:46:50,PM,ROWS,1,Column,8,SBBHKDH
5/17/2023,3:46:50,PM,ROWS,1,Column,9,SBBHKDJ
5/17/2023,3:46:50,PM,ROWS,2,Column,0,SBBHKDK
5/17/2023,3:46:50,PM,ROWS,2,Column,1,SBBHKDL
5/17/2023,3:46:51,PM,ROWS,2,Column,2,SBBHKDM
5/17/2023,3:46:51,PM,ROWS,2,Column,3,SBBHKDN
5/17/2023,3:46:51,PM,ROWS,2,Column,4,SBBHKDP
5/17/2023,3:46:51,PM,ROWS,2,Column,5,SBBHKDR
5/17/2023,3:46:51,PM,ROWS,2,Column,6,SBBHKDS
5/17/2023,3:46:52,PM,ROWS,2,Column,7,SBBHKDT
5/17/2023,3:46:52,PM,ROWS,2,Column,8,SBBHKDV
5/17/2023,3:46:52,PM,ROWS,2,Column,9,SBBHKDW
5/17/2023,3:46:52,PM,ROWS,3,Column,0,SBBHKDZ
5/17/2023,3:46:52,PM,ROWS,3,Column,1,SBBHKD0
5/17/2023,3:46:52,PM,ROWS,3,Column,2,SBBHKD1
5/17/2023,3:46:53,PM,ROWS,3,Column,3,SBBHKD2
5/17/2023,3:46:53,PM,ROWS,3,Column,4,SBBHKD3
5/17/2023,3:46:53,PM,ROWS,3,Column,5,SBBHKD4
5/17/2023,3:46:53,PM,ROWS,3,Column,6,SBBHKD5
5/17/2023,3:46:53,PM,ROWS,3,Column,7,SBBHKD6
5/17/2023,3:46:54,PM,ROWS,3,Column,8,SBBHKD7
5/17/2023,3:46:54,PM,ROWS,3,Column,9,SBBHKD8
5/17/2023,3:46:54,PM,ROWS,4,Column,0,SBBHKD9
5/17/2023,3:46:54,PM,ROWS,4,Column,1,SBBHKFB
5/17/2023,3:46:54,PM,ROWS,4,Column,2,SBBHKFC
5/17/2023,3:46:55,PM,ROWS,4,Column,3,SBBHKFD
5/17/2023,3:46:55,PM,ROWS,4,Column,4,SBBHKFF
5/17/2023,3:46:55,PM,ROWS,4,Column,5,SBBHKFG
5/17/2023,3:46:55,PM,ROWS,4,Column,6,SBBHKFH
5/17/2023,3:46:55,PM,ROWS,4,Column,7,SBBHKFJ
5/17/2023,3:46:55,PM,ROWS,4,Column,8,SBBHKFK
5/17/2023,3:46:56,PM,ROWS,4,Column,9,SBBHKFL
5/17/2023,3:46:56,PM,ROWS,5,Column,0,SBBHKFM
5/17/2023,3:46:56,PM,ROWS,5,Column,1,SBBHKFN
5/17/2023,3:46:56,PM,ROWS,5,Column,2,SBBHKFP
5/17/2023,3:46:56,PM,ROWS,5,Column,3,SBBHKFR
5/17/2023,3:46:57,PM,ROWS,5,Column,4,SBBHKFS
5/17/2023,3:46:57,PM,ROWS,5,Column,5,SBBHKFT
5/17/2023,3:46:57,PM,ROWS,5,Column,6,SBBHKFV
5/17/2023,3:46:57,PM,ROWS,5,Column,7,SBBHKFW
5/17/2023,3:46:57,PM,ROWS,5,Column,8,SBBHKFZ
5/17/2023,3:46:58,PM,ROWS,5,Column,9,SBBHKF0
5/17/2023,3:46:58,PM,ROWS,6,Column,0,SBBHKF1
5/17/2023,3:46:58,PM,ROWS,6,Column,1,SBBHKF2
5/17/2023,3:46:58,PM,ROWS,6,Column,2,SBBHKF3
5/17/2023,3:46:58,PM,ROWS,6,Column,3,SBBHKF4
5/17/2023,3:46:58,PM,ROWS,6,Column,4,SBBHKF5
5/17/2023,3:46:59,PM,ROWS,6,Column,5,SBBHKF6
5/17/2023,3:46:59,PM,ROWS,6,Column,6,SBBHKF7
5/17/2023,3:46:59,PM,ROWS,6,Column,7,SBBHKF8
5/17/2023,3:46:59,PM,ROWS,6,Column,8,SBBHKF9
5/17/2023,3:46:59,PM,ROWS,6,Column,9,SBBHKGB
5/17/2023,3:47:00,PM,ROWS,7,Column,0,SBBHKGC
5/17/2023,3:47:00,PM,ROWS,7,Column,1,SBBHKGD
5/17/2023,3:47:00,PM,ROWS,7,Column,2,SBBHKGF
5/17/2023,3:47:00,PM,ROWS,7,Column,3,SBBHKGG
5/17/2023,3:47:00,PM,ROWS,7,Column,4,SBBHKGH
5/17/2023,3:47:01,PM,ROWS,7,Column,5,SBBHKGJ
5/17/2023,3:47:01,PM,ROWS,7,Column,6,SBBHKGK
5/17/2023,3:47:01,PM,ROWS,7,Column,7,SBBHKGL
5/17/2023,3:47:01,PM,ROWS,7,Column,8,SBBHKGM
5/17/2023,3:47:01,PM,ROWS,7,Column,9,SBBHKGN
5/17/2023,3:47:36,PM,ROWS,0,Column,0,SBBHKGR
5/17/2023,3:47:36,PM,ROWS,0,Column,1,SBBHKGS
5/17/2023,3:47:37,PM,ROWS,0,Column,2,SBBHKGT
5/17/2023,3:47:37,PM,ROWS,0,Column,3,SBBHKGV
5/17/2023,3:47:37,PM,ROWS,0,Column,4,SBBHKGW
5/17/2023,3:47:37,PM,ROWS,0,Column,5,SBBHKGZ
5/17/2023,3:47:37,PM,ROWS,0,Column,6,SBBHKG0
5/17/2023,3:47:38,PM,ROWS,0,Column,7,SBBHKG1
5/17/2023,3:47:38,PM,ROWS,0,Column,8,SBBHKG2
5/17/2023,3:47:38,PM,ROWS,0,Column,9,SBBHKG3
5/17/2023,3:47:38,PM,ROWS,1,Column,0,SBBHKG4
5/17/2023,3:47:38,PM,ROWS,1,Column,1,SBBHKG5
5/17/2023,3:47:39,PM,ROWS,1,Column,2,SBBHKG6
5/17/2023,3:47:39,PM,ROWS,1,Column,3,SBBHKG7
5/17/2023,3:47:39,PM,ROWS,1,Column,4,SBBHKG8
5/17/2023,3:47:39,PM,ROWS,1,Column,5,SBBHKG9
5/17/2023,3:47:39,PM,ROWS,1,Column,6,SBBHKHB
5/17/2023,3:47:39,PM,ROWS,1,Column,7,SBBHKHC
5/17/2023,3:47:40,PM,ROWS,1,Column,8,SBBHKHD
5/17/2023,3:47:40,PM,ROWS,1,Column,9,SBBHKHF
5/17/2023,3:47:40,PM,ROWS,2,Column,0,SBBHKHG
5/17/2023,3:47:40,PM,ROWS,2,Column,1,SBBHKHH
5/17/2023,3:47:40,PM,ROWS,2,Column,2,SBBHKHJ
5/17/2023,3:47:41,PM,ROWS,2,Column,3,SBBHKHK
5/17/2023,3:47:41,PM,ROWS,2,Column,4,SBBHKHL
5/17/2023,3:47:41,PM,ROWS,2,Column,5,SBBHKHM
5/17/2023,3:47:41,PM,ROWS,2,Column,6,SBBHKHN
5/17/2023,3:47:41,PM,ROWS,2,Column,7,SBBHKHP
5/17/2023,3:47:42,PM,ROWS,2,Column,8,SBBHKHR
5/17/2023,3:47:42,PM,ROWS,2,Column,9,SBBHKHS
5/17/2023,3:47:42,PM,ROWS,3,Column,0,SBBHKHT
5/17/2023,3:47:42,PM,ROWS,3,Column,1,SBBHKHV
5/17/2023,3:47:42,PM,ROWS,3,Column,2,SBBHKHW
5/17/2023,3:47:43,PM,ROWS,3,Column,3,SBBHKHZ
5/17/2023,3:47:43,PM,ROWS,3,Column,4,SBBHKH0
5/17/2023,3:47:43,PM,ROWS,3,Column,5,SBBHKH1
5/17/2023,3:47:43,PM,ROWS,3,Column,6,SBBHKH2
5/17/2023,3:47:43,PM,ROWS,3,Column,7,SBBHKH3
5/17/2023,3:47:43,PM,ROWS,3,Column,8,SBBHKH4
5/17/2023,3:47:44,PM,ROWS,3,Column,9,SBBHKH5
5/17/2023,3:47:44,PM,ROWS,4,Column,0,SBBHKH6
5/17/2023,3:47:44,PM,ROWS,4,Column,1,SBBHKH7
5/17/2023,3:47:44,PM,ROWS,4,Column,2,SBBHKH8
5/17/2023,3:47:44,PM,ROWS,4,Column,3,SBBHKH9
5/17/2023,3:47:45,PM,ROWS,4,Column,4,SBBHKJB
5/17/2023,3:47:45,PM,ROWS,4,Column,5,SBBHKJC
5/17/2023,3:47:45,PM,ROWS,4,Column,6,SBBHKJD
5/17/2023,3:47:45,PM,ROWS,4,Column,7,SBBHKJF
5/17/2023,3:47:45,PM,ROWS,4,Column,8,SBBHKJG
5/17/2023,3:47:46,PM,ROWS,4,Column,9,SBBHKJH
5/17/2023,3:47:46,PM,ROWS,5,Column,0,SBBHKJJ
5/17/2023,3:47:46,PM,ROWS,5,Column,1,SBBHKJK
5/17/2023,3:47:46,PM,ROWS,5,Column,2,SBBHKJL
5/17/2023,3:47:46,PM,ROWS,5,Column,3,SBBHKJM
5/17/2023,3:47:46,PM,ROWS,5,Column,4,SBBHKJN
5/17/2023,3:47:47,PM,ROWS,5,Column,5,SBBHKJP
5/17/2023,3:47:47,PM,ROWS,5,Column,6,SBBHKJR
5/17/2023,3:47:47,PM,ROWS,5,Column,7,SBBHKJS
5/17/2023,3:47:47,PM,ROWS,5,Column,8,SBBHKJT
5/17/2023,3:47:47,PM,ROWS,5,Column,9,SBBHKJV
5/17/2023,3:47:48,PM,ROWS,6,Column,0,SBBHKJW
5/17/2023,3:47:48,PM,ROWS,6,Column,1,SBBHKJZ
5/17/2023,3:47:48,PM,ROWS,6,Column,2,SBBHKJ0
5/17/2023,3:47:48,PM,ROWS,6,Column,3,SBBHKJ1
5/17/2023,3:47:48,PM,ROWS,6,Column,4,SBBHKJ2
5/17/2023,3:47:48,PM,ROWS,6,Column,5,SBBHKJ3
5/17/2023,3:47:49,PM,ROWS,6,Column,6,SBBHKJ4
5/17/2023,3:47:49,PM,ROWS,6,Column,7,SBBHKJ5
5/17/2023,3:47:49,PM,ROWS,6,Column,8,SBBHKJ6
5/17/2023,3:47:49,PM,ROWS,6,Column,9,SBBHKJ7
5/17/2023,3:47:49,PM,ROWS,7,Column,0,SBBHKJ8
5/17/2023,3:47:50,PM,ROWS,7,Column,1,SBBHKJ9
5/17/2023,3:47:50,PM,ROWS,7,Column,2,SBBHKKB
5/17/2023,3:47:50,PM,ROWS,7,Column,3,SBBHKKC
5/17/2023,3:47:50,PM,ROWS,7,Column,4,SBBHKKD
5/17/2023,3:47:50,PM,ROWS,7,Column,5,SBBHKKF
5/17/2023,3:47:50,PM,ROWS,7,Column,6,SBBHKKG
5/17/2023,3:47:51,PM,ROWS,7,Column,7,SBBHKKH
5/17/2023,3:47:51,PM,ROWS,7,Column,8,SBBHKKJ
5/17/2023,3:47:51,PM,ROWS,7,Column,9,SBBHKKK
5/17/2023,3:48:08,PM,ROWS,0,Column,0,SBBHKKM
5/17/2023,3:48:08,PM,ROWS,0,Column,1,SBBHKKN
5/17/2023,3:48:08,PM,ROWS,0,Column,2,SBBHKKP
5/17/2023,3:48:09,PM,ROWS,0,Column,3,SBBHKKR
5/17/2023,3:48:09,PM,ROWS,0,Column,4,SBBHKKS
5/17/2023,3:48:09,PM,ROWS,0,Column,5,SBBHKKT
5/17/2023,3:48:09,PM,ROWS,0,Column,6,SBBHKKV
5/17/2023,3:48:09,PM,ROWS,0,Column,7,SBBHKKW
5/17/2023,3:48:09,PM,ROWS,0,Column,8,SBBHKKZ
5/17/2023,3:48:10,PM,ROWS,0,Column,9,SBBHKK0
5/17/2023,3:48:10,PM,ROWS,1,Column,0,SBBHKK1
5/17/2023,3:48:10,PM,ROWS,1,Column,1,SBBHKK2
5/17/2023,3:48:10,PM,ROWS,1,Column,2,SBBHKK3
5/17/2023,3:48:10,PM,ROWS,1,Column,3,SBBHKK4
5/17/2023,3:48:11,PM,ROWS,1,Column,4,SBBHKK5
5/17/2023,3:48:11,PM,ROWS,1,Column,5,SBBHKK6
5/17/2023,3:48:11,PM,ROWS,1,Column,6,SBBHKK7
5/17/2023,3:48:11,PM,ROWS,1,Column,7,SBBHKK8
5/17/2023,3:48:11,PM,ROWS,1,Column,8,SBBHKK9
5/17/2023,3:48:12,PM,ROWS,1,Column,9,SBBHKLB
5/17/2023,3:48:12,PM,ROWS,2,Column,0,SBBHKLC
5/17/2023,3:48:12,PM,ROWS,2,Column,1,SBBHKLD
5/17/2023,3:48:12,PM,ROWS,2,Column,2,SBBHKLF
5/17/2023,3:48:12,PM,ROWS,2,Column,3,SBBHKLG
5/17/2023,3:48:12,PM,ROWS,2,Column,4,SBBHKLH
5/17/2023,3:48:13,PM,ROWS,2,Column,5,SBBHKLJ
5/17/2023,3:48:13,PM,ROWS,2,Column,6,SBBHKLK
5/17/2023,3:48:13,PM,ROWS,2,Column,7,SBBHKLL
5/17/2023,3:48:13,PM,ROWS,2,Column,8,SBBHKLM
5/17/2023,3:48:13,PM,ROWS,2,Column,9,SBBHKLN
5/17/2023,3:48:14,PM,ROWS,3,Column,0,SBBHKLP
5/17/2023,3:48:14,PM,ROWS,3,Column,1,SBBHKLR
5/17/2023,3:48:14,PM,ROWS,3,Column,2,SBBHKLS
5/17/2023,3:48:14,PM,ROWS,3,Column,3,SBBHKLT
5/17/2023,3:48:14,PM,ROWS,3,Column,4,SBBHKLV
5/17/2023,3:48:15,PM,ROWS,3,Column,5,SBBHKLW
5/17/2023,3:48:15,PM,ROWS,3,Column,6,SBBHKLZ
5/17/2023,3:48:15,PM,ROWS,3,Column,7,SBBHKL0
5/17/2023,3:48:15,PM,ROWS,3,Column,8,SBBHKL1
5/17/2023,3:48:15,PM,ROWS,3,Column,9,SBBHKL2
5/17/2023,3:48:15,PM,ROWS,4,Column,0,SBBHKL3
5/17/2023,3:48:16,PM,ROWS,4,Column,1,SBBHKL4
5/17/2023,3:48:16,PM,ROWS,4,Column,2,SBBHKL5
5/17/2023,3:48:16,PM,ROWS,4,Column,3,SBBHKL6
5/17/2023,3:48:16,PM,ROWS,4,Column,4,SBBHKL7
5/17/2023,3:48:16,PM,ROWS,4,Column,5,SBBHKL8
5/17/2023,3:48:16,PM,ROWS,4,Column,6,SBBHKL9
5/17/2023,3:48:17,PM,ROWS,4,Column,7,SBBHKMB
5/17/2023,3:48:17,PM,ROWS,4,Column,8,SBBHKMC
5/17/2023,3:48:17,PM,ROWS,4,Column,9,SBBHKMD
5/17/2023,3:48:17,PM,ROWS,5,Column,0,SBBHKMF
5/17/2023,3:48:17,PM,ROWS,5,Column,1,SBBHKMG
5/17/2023,3:48:18,PM,ROWS,5,Column,2,SBBHKMH
5/17/2023,3:48:18,PM,ROWS,5,Column,3,SBBHKMJ
5/17/2023,3:48:18,PM,ROWS,5,Column,4,SBBHKMK
5/17/2023,3:48:18,PM,ROWS,5,Column,5,SBBHKML
5/17/2023,3:48:18,PM,ROWS,5,Column,6,SBBHKMM
5/17/2023,3:48:19,PM,ROWS,5,Column,7,SBBHKMN
5/17/2023,3:48:19,PM,ROWS,5,Column,8,SBBHKMP
5/17/2023,3:48:19,PM,ROWS,5,Column,9,SBBHKMR
5/17/2023,3:48:19,PM,ROWS,6,Column,0,SBBHKMS
5/17/2023,3:48:19,PM,ROWS,6,Column,1,SBBHKMT
5/17/2023,3:48:20,PM,ROWS,6,Column,2,SBBHKMV
5/17/2023,3:48:20,PM,ROWS,6,Column,3,SBBHKMW
5/17/2023,3:48:20,PM,ROWS,6,Column,4,SBBHKMZ
5/17/2023,3:48:20,PM,ROWS,6,Column,5,SBBHKM0
5/17/2023,3:48:20,PM,ROWS,6,Column,6,SBBHKM1
5/17/2023,3:48:21,PM,ROWS,6,Column,7,SBBHKM2
5/17/2023,3:48:21,PM,ROWS,6,Column,8,SBBHKM3
5/17/2023,3:48:21,PM,ROWS,6,Column,9,SBBHKM4
5/17/2023,3:48:21,PM,ROWS,7,Column,0,SBBHKM5
5/17/2023,3:48:21,PM,ROWS,7,Column,1,SBBHKM6
5/17/2023,3:48:22,PM,ROWS,7,Column,2,SBBHKM7
5/17/2023,3:48:22,PM,ROWS,7,Column,3,SBBHKM8
5/17/2023,3:48:22,PM,ROWS,7,Column,4,SBBHKM9
5/17/2023,3:48:22,PM,ROWS,7,Column,5,SBBHKNB
5/17/2023,3:48:22,PM,ROWS,7,Column,6,SBBHKNC
5/17/2023,3:48:22,PM,ROWS,7,Column,7,SBBHKND
5/17/2023,3:48:23,PM,ROWS,7,Column,8,SBBHKNF
5/17/2023,3:48:23,PM,ROWS,7,Column,9,SBBHKNG
